<?xml version="1.0" encoding="UTF-8"?>
<project-private xmlns="http://www.netbeans.org/ns/project-private/1">
    <editor-bookmarks xmlns="http://www.netbeans.org/ns/editor-bookmarks/2" lastBookmarkId="0"/>
    <open-files xmlns="http://www.netbeans.org/ns/projectui-open-files/2">
        <group>
            <file>file:/C:/wamp64/www/php_asg/login_submit.php</file>
            <file>file:/C:/wamp64/www/php_asg/settings_script.php</file>
            <file>file:/C:/wamp64/www/php_asg/success.php</file>
            <file>file:/C:/wamp64/www/php_asg/asg2_style.css</file>
            <file>file:/C:/wamp64/www/php_asg/check-if-added.php</file>
            <file>file:/C:/wamp64/www/php_asg/setting.php</file>
            <file>file:/C:/wamp64/www/php_asg/login.php</file>
            <file>file:/C:/wamp64/www/php_asg/index.php</file>
            <file>file:/C:/wamp64/www/php_asg/logout.php</file>
            <file>file:/C:/wamp64/www/php_asg/header.php</file>
            <file>file:/C:/wamp64/www/php_asg/footer.php</file>
            <file>file:/C:/wamp64/www/php_asg/cart.php</file>
            <file>file:/C:/wamp64/www/php_asg/common.php</file>
            <file>file:/C:/wamp64/www/php_asg/product.php</file>
            <file>file:/C:/wamp64/www/php_asg/signup.php</file>
            <file>file:/C:/wamp64/www/php_asg/cart-remove.php</file>
            <file>file:/C:/wamp64/www/php_asg/cart-add.php</file>
            <file>file:/C:/wamp64/www/php_asg/signup_script.php</file>
        </group>
    </open-files>
</project-private>
