<?xml version="1.0" encoding="UTF-8"?>
<project-private xmlns="http://www.netbeans.org/ns/project-private/1">
    <editor-bookmarks xmlns="http://www.netbeans.org/ns/editor-bookmarks/2" lastBookmarkId="0"/>
    <open-files xmlns="http://www.netbeans.org/ns/projectui-open-files/2">
        <group>
            <file>file:/C:/wamp64/www/final_project/about.php</file>
            <file>file:/C:/wamp64/www/final_project/logout.php</file>
            <file>file:/C:/wamp64/www/final_project/cart-add.php</file>
            <file>file:/C:/wamp64/www/final_project/cart.php</file>
            <file>file:/C:/wamp64/www/final_project/contact_script.php</file>
            <file>file:/C:/wamp64/www/final_project/cart-remove.php</file>
            <file>file:/C:/wamp64/www/final_project/signup.php</file>
            <file>file:/C:/wamp64/www/final_project/header.php</file>
            <file>file:/C:/wamp64/www/final_project/change_script.php</file>
            <file>file:/C:/wamp64/www/final_project/asg2_style.css</file>
            <file>file:/C:/wamp64/www/final_project/login_submit.php</file>
            <file>file:/C:/wamp64/www/final_project/index.php</file>
            <file>file:/C:/wamp64/www/final_project/signup_script.php</file>
            <file>file:/C:/wamp64/www/final_project/setting.php</file>
            <file>file:/C:/wamp64/www/final_project/common.php</file>
            <file>file:/C:/wamp64/www/final_project/footer.php</file>
            <file>file:/C:/wamp64/www/final_project/check-if-added.php</file>
            <file>file:/C:/wamp64/www/final_project/settings_script.php</file>
            <file>file:/C:/wamp64/www/final_project/success.php</file>
            <file>file:/C:/wamp64/www/final_project/contact.php</file>
            <file>file:/C:/wamp64/www/final_project/login.php</file>
            <file>file:/C:/wamp64/www/final_project/change.php</file>
        </group>
    </open-files>
</project-private>
